,0,1,2,3,4,5,6,7,8,9,10,11,12,13,14,15,16,17,18,19,20,21,22,23,24,25,26,27,28,29,30,31,32,33,34,35,36,37,38,39,40,41,42,43,44,45,46,47,48,49,50,51,52,53,54,55,56,57,58,59,60,61,62,63,64,65,66,67,68,69,70,71,72,73,74,75,76,77,78,79,80,81,82,83,84,85,86,87,88,89,90,91,92,93,94,95,96,97,98,99,100,101,102,103,104,105,106,107,108,109,110,111,112,113,114,115,116,117,118,119,120,121,122,123,124,125,126,127,128,129,130,131,132,133,134,135,136,137,138,139,140,141,142,143,144,145,146,147,148,149,150,151,152,153,154,155,156,157,158,159,160,161,162,163,164,165,166,167,168,169,170,171,172,173,174,175,176,177,178,179,180,181,182,183,184,185,186,187,188,189,190,191,192,193,194,195,196,197
技术,技术条件,技术标准,强制性法规上的技术标准,技术装备,新材料技术评审,技术进展,技术特性,技术创新,技术措施,技术,MPC技术,RBI技术,有限元技术,标准技术,多线程控制技术,预应力技术,自动化技术,应变强化技术,室温应变强化技术,规则化数据还原技术,载荷图技术,子模型技术,修复技术,探头技术,声发射技术,复合复层技术,施工技术,成形技术,三项核心技术,磁记忆技术,互联网信息技术,数值模拟技术,焊接技术,创新技术,风险分析技术,单元生死技术,储氢技术,控制与防治技术,检测技术,TOFD检测技术,TOFD超声检测技术,自动超声检测技术,内腐蚀检测技术,相控阵检测技术,超声波缺陷检测技术,热喷涂技术,堆焊技术,装焊技术,聚焦技术,超声聚焦技术,合成孔径聚焦技术,试样重组技术,冷装技术,安装技术,预警技术,统计技术,制造技术,再制造技术,建造技术,关键技术,检验技术,微试样试验技术,技术指标,技术方案,技术要求,技术特点,技术应用,固定式压力容器安全技术监察规程,安全技术规范,特种设备安全技术规范,,,,,,,,,,,,,,,,,,,,,,,,,,,,,,,,,,,,,,,,,,,,,,,,,,,,,,,,,,,,,,,,,,,,,,,,,,,,,,,,,,,,,,,,,,,,,,,,,,,,,,,,,,,,,,,,,,,,,,,,,,,,,,,,
参数-尺寸-角-环境-系数,形状系数Y,动态弯折角β,参数识别,环境激励,环境影响疲劳,参数优化,棱角区,弯曲参数的选取,参数化绘图,参数化模型,双楔角环垫,八角垫,自紧式八角垫,H2S环境,工业大气环境,复合湿硫化氢环境,蒸汽环境,海洋环境,火灾环境,腐蚀环境,复杂腐蚀环境,角接头,环境疲劳修正因子,环境加速因子,壳体尺寸,几何尺寸,结构尺寸,CT试样尺寸,熔池尺寸,公称尺寸,晶粒尺寸,临界裂纹尺寸,缺陷尺寸,尺寸效应,尺寸精度,Zig Zag角度,棱角度,射线角度,通道角度,角变形,管口圆角半径,LM参数,Z参数,分布规律与参数,操作参数,热源模型参数,尺寸参数,模态参数,紧密性参数,磁性参数,拘束参数,结构参数,凹凸结构参数,无量纲参数,工艺参数,频谱参数,应力集中系数,等效应力集中系数,三维曲面相似系数,稳定安全系数,相关系数,振型相关系数,折减系数,塑性折减系数,升力系数,轴向弯曲应力系数,阻力系数,疲劳缺口系数,应力增大系数,腐蚀加速效应系数,剩余强度系数,深度系数,磁硬度系数,能力减弱系数,应力范围减弱系数,疲劳强度减弱系数,动态特性系数,超声非线性系数,组合泄放系数,燃料系数,曲率修正系数,组合校正系数,传热系数,导热系数,换热系数,垫片系数,形状系数,疲劳累积使用系数,焊缝系数,线膨胀系数,鼓胀系数,二维单侧容限系数,超大尺寸的组合管板,热角保护结构,参数化分析,参数分析,环境污染,大尺寸规格,参数化建模,ANSYS参数化建模,TTP参数法,LarsonMiller参数法,动力系数法,角位移,外压应力系数B曲线,角焊缝,大角焊缝,管座角焊缝,管板角焊缝,管与管板角焊缝,倒角,排列角,螺纹升角,接管内圆角,裂纹夹角,裂纹尖端张开角,动态弯折角,螺旋角,ANSYS参数化设计语言,参数估计,参数设计,车间焊接环境菲绕林试验,全尺寸气体爆破试验,全尺寸爆破试验,,,,,,,,,,,,,,,,,,,,,,,,,,,,,,,,,,,,,,,,,,,,,,,,,,,,,,,,,,,,,,,,,,,,,,,,,,
温度,温度限制,温度应力,温度范围,温度场,非均匀温度场,瞬态温度场,温度场分布,稳态温度场分布,温度分布,温度,Ms温度,单温度,转变温度,无塑性转变温度,脆性转变温度,韧脆转变温度,混凝土温度,管壁温度,多温度,最低设计金属温度,成形温度,瞬态温度,稳态温度,液氮温度,保温温度,热处理温度,适用温度,参考温度,终轧温度,温度分析,温度变化速率,韧脆转变温度曲线,温度载荷,,,,,,,,,,,,,,,,,,,,,,,,,,,,,,,,,,,,,,,,,,,,,,,,,,,,,,,,,,,,,,,,,,,,,,,,,,,,,,,,,,,,,,,,,,,,,,,,,,,,,,,,,,,,,,,,,,,,,,,,,,,,,,,,,,,,,,,,,,,,,,,,,,,,,,,,,,,,,,,,,,,,,
强度,裂尖应力强度σ1′,强度标准值,应力强度准则,强度试压,强度破坏,应力强度因子,临界应力强度因子,强度不匹配因子,强度评定,应力强度评定,法兰强度和刚度,强度,持久强度,蠕变持久强度,高温持久强度,壳体强度,剩余强度,剪切强度,抗剪强度,应力强度,总应力强度,疲劳强度,外压强度,蠕变强度,结合强度,磁感应强度,抗拉强度,胀接强度,连接强度,材料强度,屈服强度,条件屈服强度,当量屈服强度,结构强度,湍流强度,破裂强度,管道强度,静强度,高强度,强度裕度,强度胀接,强度失效,强度分析,强度校核,强度焊,高强度气瓶,高强度钢瓶,强度计算,压力容器强度计算,强度胀,强度性能,强度设计,强度测试,强度匹配,高强度钢,B610E高强度钢,特种高强度钢,强度极限,持久强度极限,强度试验,,,,,,,,,,,,,,,,,,,,,,,,,,,,,,,,,,,,,,,,,,,,,,,,,,,,,,,,,,,,,,,,,,,,,,,,,,,,,,,,,,,,,,,,,,,,,,,,,,,,,,,,,,,,,,,,,,,,,,,,,,,,,,,,,,,,,,,,,,
能量,冲击吸收能量KV2,低温冲击吸收能量KV2,能量值,大线能量焊接,能量释放,能量法,能量传递,能量分配,能量,冲击吸收能量,夏比冲击吸收能量,小冲杆能量,线能量,大线能量焊接用钢,大线能量用钢,大焊接线能量用钢,,,,,,,,,,,,,,,,,,,,,,,,,,,,,,,,,,,,,,,,,,,,,,,,,,,,,,,,,,,,,,,,,,,,,,,,,,,,,,,,,,,,,,,,,,,,,,,,,,,,,,,,,,,,,,,,,,,,,,,,,,,,,,,,,,,,,,,,,,,,,,,,,,,,,,,,,,,,,,,,,,,,,,,,,,,,,,,,,,,,,,
性能,性能退化,性能分析,性能指标,低温性能指标,性能,组织与性能,拉伸性能,冲击性能,抗冲击性能,低温冲击性能,阻力性能,疲劳性能,组织及性能,蠕变性能,综合性能,传热综合性能,组织和性能,改善性能,接头性能,力学性能,金相及力学性能,焊接接头力学性能,材料力学性能,局部力学性能,密封性能,热工性能,压缩回弹性能,焊接性能,连接性能,材料性能,低温性能,高温性能,传热性能,使用性能,组织性能,腐蚀性能,抗震性能,抗风性能,性能降解,性能验证,性能检验,性能试验,,,,,,,,,,,,,,,,,,,,,,,,,,,,,,,,,,,,,,,,,,,,,,,,,,,,,,,,,,,,,,,,,,,,,,,,,,,,,,,,,,,,,,,,,,,,,,,,,,,,,,,,,,,,,,,,,,,,,,,,,,,,,,,,,,,,,,,,,,,,,,,,,,,,,,,,,,,,
度,高密度聚乙烯HDPE,刚度条件,梯度值,灰度图像,等效厚度模拟非线性有限元,清洁度控制,垂直度控制,全密度反应器,高黏度物料搅拌器,密度差,厚度效应,尺度效应,疲劳累积损伤度,刚度,轴向刚度,扭曲管轴向刚度,水平刚度,动态刚度,轴向非线性刚度,等效刚度,结构刚度,弹簧刚度,法律制度,热处理制度,流量分配不均匀度,敏化度,厚度,名义厚度,图纸名义厚度,控制厚度,管壁厚度,大厚度,最小厚度,绝热层厚度,搪玻璃层厚度,投料厚度,管板厚度,透照厚度,设计厚度,风险可接受度,超应变度,圆度,筒体圆度,卷制圆度,自重变形圆度,椭圆度,保守度,接触宽度,振实密度,热流密度,功率谱密度,异径度,平板挠度,塔顶挠度,灵敏度,清晰度,拘束度,梯度,热梯度,压力降梯度,H浓度,H2S浓度,Cl浓度,极限浓度,切口深度,腐蚀深度,相对湿度,硬度,相对硬度,显微硬度,布氏硬度,维氏硬度,里氏硬度,胀接程度,精度,加工精度,分析精度,粗糙度,直线度,关联度,安全裕度,重要度,应力三轴度,同轴度,摆动速度,冷却速度,动态裂纹扩展速度,断裂扩展速度,临界横流速度,熔区长度,未胀合长度,单位周期流道轴向长度,临界长度,安全端长度,计算长度,接管长度,长轴长度,超压限度,可靠度,动态可靠度,平面度,管端平面度,断裂韧度,延性断裂韧度,高温断裂韧度,缺口高度,翅片高度,裂纹高度,暗线黑度,制度安排,变厚度过渡段连接,概率密度函数,关联度分析,裂纹深度比,刚度叠加法,柔度法,柔度变化率,高度分辨率,厚度计算,塔顶挠度的计算,制度体系,厚度减薄,真密度测试,初始厚度缺陷,硬度试验,,,,,,,,,,,,,,,,,,,,,,,,,,,,,,,,,,,,,,,,,,,,,,,,,,,,,,,,,,,,,,,,,,,,,,,,,
率,慢应变速率拉伸,率相关,比率塑性功,概率非概率混合模型,概率断裂力学,应变率效应,概率分析,延伸率,拔出率,检出率,裂纹检出率,日蒸发率,结合率,容积残余变形率,排放率,失效率,传热效率,翅片效率,曲率,屈服率,概率,失效概率,设备失效概率,存活率,初始充满率,泄漏率,开盖率,胀管率,压缩率,横向分辨率,慢应变拉伸速率,冷却速率,升压速率,应变速率,慢应变速率,周长应变速率,扩展速率,裂纹扩展速率,疲劳裂纹扩展速率,蠕变裂纹扩展速率,降温速率,位移速率,腐蚀速率,阳极溶解速率,加载速率,稀释率,弯曲伸长率,故障率,频率,重复频率,自振频率,固有频率,频率分离,伸长率换算,功率谱,地震功率谱,慢应变速率拉伸试验,慢应变速率试验,,,,,,,,,,,,,,,,,,,,,,,,,,,,,,,,,,,,,,,,,,,,,,,,,,,,,,,,,,,,,,,,,,,,,,,,,,,,,,,,,,,,,,,,,,,,,,,,,,,,,,,,,,,,,,,,,,,,,,,,,,,,,,,,,,,,,,,,,,,,
量,损伤变量D2,定量RBI,质量控制过程中,质量评价,排量评估,流量不均幅值,铁素体量控制,质量控制,过程质量控制,第三、第四当量应力,质量优化,量化,轻量化,法兰轻量化,调谐质量阻尼器,当量应变范围,定量评定,支持向量机,当量实心板,定量分析,定量风险分析,质量检查,伸长量控制法,折算质量法,定量超声检测,质量检测,定量研究,当量圆管,高通量管,核质量分组,轻量化设计,标准孔板流量计,质量保证,质量符合性验证,排量测试,铁素体量,纵缝直边余量,补偿量,误差缓冲量,均布分量,线性分量,非线性分量,独立分量,参量,特征参量,离散变量,混合离散变量,随机变量,铁素体含量,合金元素含量,铁含量,定量,回弹量,耐点蚀当量,胀形量,排量,搭接量,安全泄放量,弹性模量,循环弹性模量,等效模量,排水量,流量,蒸发流量,测量,激光测量,电阻应变测量,无损测量,涡量,含湿量,传热量,吸热量,散热量,工艺留量,膨胀量,侧向膨胀量,减薄量,质量,附加质量,焊接质量,对口错边量,涡通量,螺栓伸长量,质量检验,批量验收试验,,,,,,,,,,,,,,,,,,,,,,,,,,,,,,,,,,,,,,,,,,,,,,,,,,,,,,,,,,,,,,,,,,,,,,,,,,,,,,,,,,,,,,,,,,,,,,,,,,,,,,,,,,,,,,,,,
值,K值,最大许用应力值,模糊c均值,月平均风速极大值,抛物线插值,熵权值,门槛值,疲劳门槛值,临界值,侧膨胀值,峰值应力,峰值周期应力,极值窗口,临界值范围,数值模型,极值分布,数值模拟,ANSYS数值模拟,数值分析,权值差除法,有限元数值仿真,数值研究,数值计算,K均值聚类,数值解,数值试验,,,,,,,,,,,,,,,,,,,,,,,,,,,,,,,,,,,,,,,,,,,,,,,,,,,,,,,,,,,,,,,,,,,,,,,,,,,,,,,,,,,,,,,,,,,,,,,,,,,,,,,,,,,,,,,,,,,,,,,,,,,,,,,,,,,,,,,,,,,,,,,,,,,,,,,,,,,,,,,,,,,,,,,,,,,,
换热器,美国换热器协会,电厂换热器标准,POP换热器,预应力换热器,高压换热器,加氢高压换热器,螺纹锁紧环高压换热器,微型换热器,网丝多孔式微型换热器,深槽结构微型换热器,浮头换热器,立式夹套换热器,紧凑式换热器,紧凑型板壳式换热器,管壳式换热器,大型管壳式换热器,集成管箱型管壳式换热器,纵流管壳式换热器,浮头式换热器,发夹式换热器,固定式换热器,自支承式换热器,板式换热器,螺旋板式换热器,固定管板式换热器,印刷电路板式换热器,蓄热式换热器,列管式换热器,钛制列管式换热器,绕管式换热器,缠绕管式换热器,板翅式换热器,铝制板翅式换热器,脱丁烷塔进料换热器,折流杆换热器,三叶孔板换热器,螺旋板换热器,可拆式螺旋板换热器,弓形折流板换热器,连续螺旋折流板换热器,双管板换热器,开放式结构换热器,取样换热器,气气换热器,加氢换热器,新乏蒸汽换热器,蓄热换热器,鳍片换热器,非对称换热器,纵流壳程换热器,U型管换热器,套管换热器,多套管换热器,端焊式套管换热器,高温热管换热器,波纹管换热器,绕管换热器,苯乙烯装置换热器,微通道换热器,换热器封头,换热器管束,换热器圆筒,,,,,,,,,,,,,,,,,,,,,,,,,,,,,,,,,,,,,,,,,,,,,,,,,,,,,,,,,,,,,,,,,,,,,,,,,,,,,,,,,,,,,,,,,,,,,,,,,,,,,,,,,,,,,,,,,,,,,,,,,,,,,,,,,,,,,,,,
压力容器,反应堆压力容器RPV,压力容器使用单位,压力容器标准,压力容器,制冷压力容器,塑料及其衬里制压力容器,钛制压力容器,简单压力容器,锅炉和压力容器,压力管道和压力容器,重型压力容器,反应堆压力容器,核反应堆压力容器,圆柱壳压力容器,气化关键设备压力容器,碟形封头压力容器,齿啮式快开压力容器,移动式压力容器,塔式压力容器,快开门式压力容器,球形压力容器,复合材料压力容器,厚壁复合板压力容器,核压力容器,低温压力容器,低温绝热压力容器,搪玻璃压力容器,核级压力容器,复合材料缠绕压力容器,长管无缝压力容器,铸铁压力容器,矩形截面压力容器,压力容器封头,压力容器用封头,反应堆压力容器支座,压力容器完整性,压力容器清洁厂房,压力容器用钢板,压力容器和封头加热,压力容器管理,压力容器用钢管,压力容器分析设计,压力容器制造,反应堆压力容器钢,压力容器用钢,压力容器检验,,,,,,,,,,,,,,,,,,,,,,,,,,,,,,,,,,,,,,,,,,,,,,,,,,,,,,,,,,,,,,,,,,,,,,,,,,,,,,,,,,,,,,,,,,,,,,,,,,,,,,,,,,,,,,,,,,,,,,,,,,,,,,,,,,,,,,,,,,,,,,,,,,,,,,,,
容器,非标准容器法兰,容器类别,容器,绕丝容器,深冷容器,移动容器,外压容器,深海外压容器,矩形常压容器,大直径常压容器,承压容器,核反应承压容器,高压容器,整体多层夹紧式高压容器,超高压容器,绕丝式超高压容器,大型容器,厚壁容器,大型厚壁容器,薄壁容器,夹套容器,带夹套容器,管式夹套容器,多层容器,绕带容器,移动式容器,卧式容器,塔式容器,球形容器,薄壁内压球形容器,搅拌容器,FRP复合材料容器,储氢容器,高压储氢容器,液氢容器,高压立式液氢容器,立式圆筒型储液容器,低温容器,高真空多层绝热低温容器,复合型多层真空绝热低温容器,爆炸容器,低温绝热容器,抗爆容器,1类容器,2类容器,氢气无缝容器,矩形截面容器,非标准矩形截面容器,对称矩形截面容器,容器开孔补强结构,容器制造,高温高压容器用钢,,,,,,,,,,,,,,,,,,,,,,,,,,,,,,,,,,,,,,,,,,,,,,,,,,,,,,,,,,,,,,,,,,,,,,,,,,,,,,,,,,,,,,,,,,,,,,,,,,,,,,,,,,,,,,,,,,,,,,,,,,,,,,,,,,,,,,,,,,,,,,,,,,
反应器,反应器,CVD反应器,煤业化反应器,氧化反应器,PX氧化反应器,氯化反应器,氧氯化反应器,聚合反应器,大型反应器,超高压管式反应器,合成反应器,甲醇合成反应器,加氢反应器,热壁加氢反应器,在役加氢反应器,预加氢反应器,高温反应器,气相反应器,脱硫反应器,反应器管,,,,,,,,,,,,,,,,,,,,,,,,,,,,,,,,,,,,,,,,,,,,,,,,,,,,,,,,,,,,,,,,,,,,,,,,,,,,,,,,,,,,,,,,,,,,,,,,,,,,,,,,,,,,,,,,,,,,,,,,,,,,,,,,,,,,,,,,,,,,,,,,,,,,,,,,,,,,,,,,,,,,,,,,,,,,,,,,,,
蒸发器,蒸发器,乙二醇装置零效蒸发器,油浆蒸发器,薄膜蒸发器,氯化钡蒸发器,蒸发器传热管,,,,,,,,,,,,,,,,,,,,,,,,,,,,,,,,,,,,,,,,,,,,,,,,,,,,,,,,,,,,,,,,,,,,,,,,,,,,,,,,,,,,,,,,,,,,,,,,,,,,,,,,,,,,,,,,,,,,,,,,,,,,,,,,,,,,,,,,,,,,,,,,,,,,,,,,,,,,,,,,,,,,,,,,,,,,,,,,,,,,,,,,,,,,,,,,
发生器,蒸汽发生器管嘴,蒸汽发生器,AP1000蒸汽发生器,转化气蒸汽发生器,核电蒸汽发生器,热管蒸汽发生器,中压乙炔发生器,蒸汽发生器传热管,蒸汽发生器制造,,,,,,,,,,,,,,,,,,,,,,,,,,,,,,,,,,,,,,,,,,,,,,,,,,,,,,,,,,,,,,,,,,,,,,,,,,,,,,,,,,,,,,,,,,,,,,,,,,,,,,,,,,,,,,,,,,,,,,,,,,,,,,,,,,,,,,,,,,,,,,,,,,,,,,,,,,,,,,,,,,,,,,,,,,,,,,,,,,,,,,,,,,,,,
搅拌器,搅拌器,转定子式搅拌器,,,,,,,,,,,,,,,,,,,,,,,,,,,,,,,,,,,,,,,,,,,,,,,,,,,,,,,,,,,,,,,,,,,,,,,,,,,,,,,,,,,,,,,,,,,,,,,,,,,,,,,,,,,,,,,,,,,,,,,,,,,,,,,,,,,,,,,,,,,,,,,,,,,,,,,,,,,,,,,,,,,,,,,,,,,,,,,,,,,,,,,,,,,,,,,,,,,,
过滤器,蒸汽过滤器,高压飞灰过滤器,,,,,,,,,,,,,,,,,,,,,,,,,,,,,,,,,,,,,,,,,,,,,,,,,,,,,,,,,,,,,,,,,,,,,,,,,,,,,,,,,,,,,,,,,,,,,,,,,,,,,,,,,,,,,,,,,,,,,,,,,,,,,,,,,,,,,,,,,,,,,,,,,,,,,,,,,,,,,,,,,,,,,,,,,,,,,,,,,,,,,,,,,,,,,,,,,,,,
过热器,过热器,后屏过热器,顶棚过热器,蒸汽过热器,余热锅炉过热器,,,,,,,,,,,,,,,,,,,,,,,,,,,,,,,,,,,,,,,,,,,,,,,,,,,,,,,,,,,,,,,,,,,,,,,,,,,,,,,,,,,,,,,,,,,,,,,,,,,,,,,,,,,,,,,,,,,,,,,,,,,,,,,,,,,,,,,,,,,,,,,,,,,,,,,,,,,,,,,,,,,,,,,,,,,,,,,,,,,,,,,,,,,,,,,,,
器,汽水分离再热器MSR,机器人,再热器引入,三通封堵器开槽法兰,仪器化夏比冲击,100t变位器,补偿器,一次性补偿器,平行流气冷器,油冷器,空冷器,高压空冷器,表面蒸发空冷器,反应流出物空冷器,预冷器,高压预冷器,冷凝器,管壳式冷凝器,池式冷凝器,浮头式折流杆冷凝器,脱气冷凝器,氨冷凝器,稀醋酸酐冷凝器,LNG气化器,汽化器,LNG汽化器,丁醛转化器,冷却器,丙烯腈装置反应气体冷却器,循环气冷却器,油冷却器,翅片油冷却器,铝质冷却器,稳压器,塔器,大型塔器,夹套式塔器,并排塔器,高耸塔器,摩擦阻尼器,粘滞阻尼器,橡胶阻尼器,槽式液体分布器,传感器,SOFO传感器,光纤光栅传感器,阀芯传感器,三通保护器,爆破片夹持器,钢丝绳隔振器,热交换器,余热排出热交换器,板式热交换器,C型管束热交换器,黄铜热交换器,球形进卸料器,结晶器,PTA结晶器,凝汽器,低变再沸器,重沸器,引流器,洗涤器,高压洗涤器,面式减温器,ATD再热器,锅炉再热器,汽水分离再热器,高压加热器,倒置立式高压加热器,汽水混合加热器,合成气废热回收加热器,高压给水加热器,蒸汽加热器,C22哈氏合金盘管式酰胺加热器,乙酸加热器,钽加热器,硫铵加热器,内取热器,氢气预热器,空气预热器,板式空气预热器,锅炉给水预热器,再生器,催化再生器,低压组合床重整再生器,冷高压分离器,低温分离器,旋风分离器,灭菌器,蒸汽灭菌器,真空灭菌器,变压吸附器,卧式分子筛吸附器,沉降器,器壁,外取热器管束,传感器安装方法,稳压器波动管,稳压器排放管,,,,,,,,,,,,,,,,,,,,,,,,,,,,,,,,,,,,,,,,,,,,,,,,,,,,,,,,,,,,,,,,,,,,,,,,,,,,,,,,,,,,,,,,,,,,,,,,,,
球罐,球罐整体热处理,球罐,10000m3球罐,15MnVNR钢制球罐,高压球罐,大型球罐,混合式球罐,大型液化气球罐,氧气球罐,天然气球罐,10000m3天然气球罐,乙烯低温球罐,丙烯球罐,乙烯球罐,乙烷球罐,LNG双球球罐,真空球罐,不锈钢球罐,球罐检验,,,,,,,,,,,,,,,,,,,,,,,,,,,,,,,,,,,,,,,,,,,,,,,,,,,,,,,,,,,,,,,,,,,,,,,,,,,,,,,,,,,,,,,,,,,,,,,,,,,,,,,,,,,,,,,,,,,,,,,,,,,,,,,,,,,,,,,,,,,,,,,,,,,,,,,,,,,,,,,,,,,,,,,,,,,,,,,,,,,
储罐,储罐模型,低温储罐单层,储罐底板,石油储罐底板,储罐,105m3储罐,LNG储罐,双层C型LNG储罐,常压储罐,危险化学品储罐,大型储罐,立式圆筒型储罐,大型拱顶网壳储罐,立式储罐,大型立式储罐,球形储罐,支架式球形储罐,油气储罐,液化天然气储罐,液氨储罐,原油储罐,石油储罐,低温储罐,储罐底板腐蚀,球形储罐制造安装,,,,,,,,,,,,,,,,,,,,,,,,,,,,,,,,,,,,,,,,,,,,,,,,,,,,,,,,,,,,,,,,,,,,,,,,,,,,,,,,,,,,,,,,,,,,,,,,,,,,,,,,,,,,,,,,,,,,,,,,,,,,,,,,,,,,,,,,,,,,,,,,,,,,,,,,,,,,,,,,,,,,,,,,,,,,,
罐,罐体,油气罐区,石油罐区,罐口,低温液体罐车外壳,罐底,罐盖,硫化罐卡箍,罐箱,LNG罐箱,液化天然气LNG罐箱,水泥罐箱,罐式集装箱,内罐,蜡油加氢热高分罐,硫化罐,平推式门盖硫化罐,丙烷卧罐,LPG覆土罐,外罐,LNG全容罐,单容罐,树脂反应罐,不开罐,卧式搅拌罐,LNG燃料罐,子母罐,油罐,储油罐,超大型储油罐,大型油罐,浮顶油罐,储液罐,大型储液罐,分离罐,沥青贮罐,深海高压试验罐,罐壁设计,罐式汽车,充液罐车,LPG铁路罐车,汽车罐车,LNG低温液体运输罐车,,,,,,,,,,,,,,,,,,,,,,,,,,,,,,,,,,,,,,,,,,,,,,,,,,,,,,,,,,,,,,,,,,,,,,,,,,,,,,,,,,,,,,,,,,,,,,,,,,,,,,,,,,,,,,,,,,,,,,,,,,,,,,,,,,,,,,,,,,,,,,,,,,,,,,,,,,,
塔,氨合成塔内件,急冷塔,冷却塔,减压塔,常压塔,氨中和塔,反应塔,氨合成塔,尿素合成塔,甲醇合成塔,汽提塔,二氧化碳汽提塔,吸收塔,CO2吸收塔,硝酸吸收塔,甲醇吸收塔,复合钢板塔,底部框架塔,碱洗塔,焦炭塔,再生塔,脱硫塔,异构化原料分离塔,放空塔,高耸空塔,高耸塔,三聚氰胺废水分解塔,吸附塔,精馏塔,高塔,塔设备,超重、超大直径薄壁塔设备,悬挂式塔设备,焦炭塔裙座,塔裙连接型式,塔板,一塔两用,塔盘,塔顶馏出线,焦炭塔的制造,,,,,,,,,,,,,,,,,,,,,,,,,,,,,,,,,,,,,,,,,,,,,,,,,,,,,,,,,,,,,,,,,,,,,,,,,,,,,,,,,,,,,,,,,,,,,,,,,,,,,,,,,,,,,,,,,,,,,,,,,,,,,,,,,,,,,,,,,,,,,,,,,,,,,,,,,,,,,,
瓶,气瓶水压内测法,气瓶水压外测法,气瓶爆炸,气瓶,CNG气瓶,车载LNG气瓶,CNGⅡ气瓶,高纯气体气瓶,天然气储气瓶,高压气瓶,复合气瓶,CNG2复合气瓶,CNGⅡ复合气瓶,CNG2型气瓶,全复合材料气瓶,车用高压燃料气瓶,压缩天然气车用燃料气瓶,氢气气瓶,车用高压天然气气瓶,车用高压氢气瓶,纤维缠绕高压氢气瓶,车用铝内胆碳纤维全缠绕氢气瓶,氧气瓶,低温气瓶,焊接绝热气瓶,低温绝热气瓶,无隔热气瓶,高压空气瓶,缠绕气瓶,大容积钢质内胆环向缠绕气瓶,环缠绕气瓶,无缝气瓶,长管拖车气瓶,储氢瓶,钢瓶,CNG钢瓶,人工缺口钢瓶,非重复充装焊接钢瓶,液化石油气钢瓶,非重复充装钢瓶,长管拖车钢瓶,LNG车用气瓶颈管,储气瓶组,高压气瓶钢,气瓶阀,车用瓶阀,气瓶泄露,,,,,,,,,,,,,,,,,,,,,,,,,,,,,,,,,,,,,,,,,,,,,,,,,,,,,,,,,,,,,,,,,,,,,,,,,,,,,,,,,,,,,,,,,,,,,,,,,,,,,,,,,,,,,,,,,,,,,,,,,,,,,,,,,,,,,,,,,,,,,,,,,,,,,,,
釜,加压釜,蒸压釜,高压釜,萃取釜,聚合釜,反应釜,搅拌反应釜,搪瓷反应釜,卡箍式快开釜,超高压水晶釜,超高压人造水晶釜,脱蜡釜,,,,,,,,,,,,,,,,,,,,,,,,,,,,,,,,,,,,,,,,,,,,,,,,,,,,,,,,,,,,,,,,,,,,,,,,,,,,,,,,,,,,,,,,,,,,,,,,,,,,,,,,,,,,,,,,,,,,,,,,,,,,,,,,,,,,,,,,,,,,,,,,,,,,,,,,,,,,,,,,,,,,,,,,,,,,,,,,,,,,,,,,,,
床,吸收床,焦床,,,,,,,,,,,,,,,,,,,,,,,,,,,,,,,,,,,,,,,,,,,,,,,,,,,,,,,,,,,,,,,,,,,,,,,,,,,,,,,,,,,,,,,,,,,,,,,,,,,,,,,,,,,,,,,,,,,,,,,,,,,,,,,,,,,,,,,,,,,,,,,,,,,,,,,,,,,,,,,,,,,,,,,,,,,,,,,,,,,,,,,,,,,,,,,,,,,,
筒,筒形件,筒体锻件,筒体,汽包筒体,吊篮筒体,筒体鼓凸,单节筒体一次成型,圆筒模型,筒体开孔补强,井筒内低品位余热,压力筒,圆筒,内压圆筒,外压圆筒,厚壁圆筒,薄壁圆筒,短圆筒,薄壁内压短圆筒,厚壁筒,薄壁筒,套筒,三旋中心筒,导流筒,烘筒,发球筒,内衬筒,锅筒,压制锅筒,锅筒纵缝,筒节,厚壁大直径筒节,筒体端部,,,,,,,,,,,,,,,,,,,,,,,,,,,,,,,,,,,,,,,,,,,,,,,,,,,,,,,,,,,,,,,,,,,,,,,,,,,,,,,,,,,,,,,,,,,,,,,,,,,,,,,,,,,,,,,,,,,,,,,,,,,,,,,,,,,,,,,,,,,,,,,,,,,,,,,,,,,,,,,,,,,,,,
炉,加压气化炉炉体,锅炉密封,HP型炉管材料,锅炉水,炉内法,气化炉,德士古气化炉,鲁奇式气化炉,氨氧化炉,制氢转化炉,常压炉,还原炉,变换炉,重沸炉,高压气淬炉,加热炉,延迟焦化加热炉,简易热处理炉,电炉,减粘炉,乙烯裂解炉,乙烷裂解炉,锅炉,急冷锅炉,注汽锅炉,中压管壳式余热锅炉,废热锅炉,第一废热锅炉,列管式废热锅炉,700℃超超临界锅炉,电站锅炉,火管锅炉,炉管爆破,炉管,乙烯裂解炉HP40炉管,AL6XN炉管,Cr5Mo炉管,Cr9Mo炉管,9CrMo炉管,制氢转化炉管,裂解炉炉管,锅炉炉管,裂解炉管,乙烯裂解炉管,25Cr35NiNb微合金乙烯裂解炉管,CrMo钢炉管,锅炉联络管,高炉煤气管系,锅炉管道焊缝,锅炉用钢,,,,,,,,,,,,,,,,,,,,,,,,,,,,,,,,,,,,,,,,,,,,,,,,,,,,,,,,,,,,,,,,,,,,,,,,,,,,,,,,,,,,,,,,,,,,,,,,,,,,,,,,,,,,,,,,,,,,,,,,,,,,,,,,,,,,,,,,,,,,,,,,,,,,
管道,管道法兰,管道流动,管道速接头,管道施工,管道响应,管道腐蚀防护,管道焊接,压力管道快速连接,管道失效,压力管道直管段,管道风险评分法,管道泄漏,管道弯矩,西气东输二线管道工程,压力管道标准体系,管道系统,工业金属管道工程施工规范,管道设计,管道,燃气PE管道,工业管道,主管道,AP1000主管道,压力管道,氨制冷压力管道,含缺陷压力管道,热力管道,核辅助管道,核一级辅助管道,快速卸压管道,复合管道,埋地管道,水平管道,海底管道,横向共振管道,焊接管道,复合材料管道,复杂管道,氢气管道,油气管道,天然气管道,燃气管道,聚乙烯燃气管道,输气管道,高压输气管道,海底输气管道,主给水管道,蒸汽管道,主蒸汽管道,超高压蒸汽管道,P92钢蒸汽管道,输油管道,保温管道,供热管道,聚乙烯管道,城镇燃气聚乙烯管道,悬空管道,架空管道,一级管道,核二三级管道,核级管道,超级管道,腐蚀管道,长输管道,氢气长输管道,X80钢管道,X80管道钢,管道缺陷,埋地管道缺陷,管道检验,,,,,,,,,,,,,,,,,,,,,,,,,,,,,,,,,,,,,,,,,,,,,,,,,,,,,,,,,,,,,,,,,,,,,,,,,,,,,,,,,,,,,,,,,,,,,,,,,,,,,,,,,,,,,,,,,,,,,,,,,,,,,,,,
接头,法兰接头,螺栓法兰接头,T型接头,焊接接头,钢板及焊接接头,镍基焊接接头,对接焊接接头,钢制对接焊接接头,P91钢焊接接头,异种钢焊接接头,奥氏体不锈钢焊接接头,胀接接头,换热管与管板接头,管子管板接头,法兰螺栓接头,环焊接头,X70管线钢环焊接头,胀焊接头,钎焊接头,热熔接头,电熔接头,管接头,内管接头,套管接头,油套管接头,绝缘接头,伸缩接头,同质接头,异质接头,,,,,,,,,,,,,,,,,,,,,,,,,,,,,,,,,,,,,,,,,,,,,,,,,,,,,,,,,,,,,,,,,,,,,,,,,,,,,,,,,,,,,,,,,,,,,,,,,,,,,,,,,,,,,,,,,,,,,,,,,,,,,,,,,,,,,,,,,,,,,,,,,,,,,,,,,,,,,,,,,,,,,,,,,
设备,承压设备指令,设备法兰,JB4730《承压设备无损检测》标准,主设备,AP1000主设备,核岛主设备,核电站主设备,真空绝热深冷设备,国产CF62钢制设备,镍制设备,压力设备,承压设备,协调标准承压设备,尿素高压设备,超大型设备,化工设备,大型化工设备,立式设备,大型特材设备,核设备,机械设备,海上石油天然气设备,临氢设备,高温高压临氢设备,加氢设备,制氧设备,炼油设备,换热设备,搪玻璃设备,核电设备,脱硫设备,特种设备,移动式承压类特种设备,核级设备,高耸设备,新型双锥回转设备,钛设备,铬钼钢设备,超限设备,设备支撑,承压设备常用材料,核电设备用金属复合板,设备泄漏,设备评级,化工设备设计,设备闸门,,,,,,,,,,,,,,,,,,,,,,,,,,,,,,,,,,,,,,,,,,,,,,,,,,,,,,,,,,,,,,,,,,,,,,,,,,,,,,,,,,,,,,,,,,,,,,,,,,,,,,,,,,,,,,,,,,,,,,,,,,,,,,,,,,,,,,,,,,,,,,,,,,,,,,,,
设计-制造-工艺,机械制造业,设计与制作,重大工程设计案例,封头制造与标准,泄放设计标准,分析设计标准,夹具设计准则,分析设计准则,设计体制,设计爆破压力,工艺优化,修补工艺优化,设计优化,工艺开发,60年设计寿命,设计区域,工艺装备,工艺评定,成形工艺评定,焊接工艺评定,胀接工艺评定,设计理念,设计瞬态,设计材料,设计变更,设计结构,设计校核,设计方案,设计方法,框架式结构设计方法,分析设计方法,规范设计方法,制造方法,分析设计法,制造特点,制造难点,工艺仿真,工艺试验和研究,工艺研究,设计疲劳曲线,远程协同设计系统,工艺,冲压工艺,加工工艺,成形工艺,焊接工艺,胀接工艺,新工艺,焚烧工艺,预后热工艺,堆焊工艺,药芯焊丝电弧焊工艺,双人双面焊工艺,处理工艺,热处理工艺,安装工艺,制造工艺,关键制造工艺,设计规范,设计载荷,设计,正交设计,安全设计,局部法兰夹具设计,按规则设计,热力设计,疲劳设计,国产化设计,优化设计,有限元优化设计,协同优化设计,结构优化设计,模块化设计,轻型化设计,外压设计,基于应变设计,蠕变设计,寿命设计,加强圈设计,堵头设计,纤维缠绕层设计,顶层设计,程序设计,加强设计,补强设计,塑性设计,直接设计,结构设计,分析设计,应力分析设计,按分析设计,机械设计,内胆设计,工艺设计,常规设计,线路设计,正交试验设计,工艺探讨,焊后热处理工艺验证,工艺改进,生产制造工艺改进,制造,整体制造,芯体制造,国产化制造,加工制造,焊接制造,管束制造,设计制造,制造缺陷,设计问题,原材料消耗工艺定额,板材消耗工艺定额,制造与检验,日常制造检验,焊接工艺评定试验,工艺试验,,,,,,,,,,,,,,,,,,,,,,,,,,,,,,,,,,,,,,,,,,,,,,,,,,,,,,,,,,,,,,,,,,,,,,,,,,,,,,,,,
处理,调质热处理QT,最终热处理后,控制和处理措施,处理方法,处理,SR处理,分析与处理,消应力处理,预强化处理,等效线性化处理,敏化处理,冷拉处理,数据处理,消氢处理,固溶处理,焊后固溶处理,泄漏处理,退火处理,热处理,焊接与热处理,整体热处理,环缝局部电加热处理,稳定化热处理,热成型及热处理,焊接及热处理,成形后热处理,焊后热处理,模拟焊后热处理,局部焊后热处理,最大模拟热处理,二次热处理,局部热处理,固熔处理,防腐处理,调质处理,不停车处理,预防处理,缺陷处理,集气处理站,热处理规范,,,,,,,,,,,,,,,,,,,,,,,,,,,,,,,,,,,,,,,,,,,,,,,,,,,,,,,,,,,,,,,,,,,,,,,,,,,,,,,,,,,,,,,,,,,,,,,,,,,,,,,,,,,,,,,,,,,,,,,,,,,,,,,,,,,,,,,,,,,,,,,,,,,,,,,,,,,,,,
评价-安全-强度,安全联锁完整性等级评估SIL,安全完整性等级SIL,安全仪表系统SIS,人的不安全行为,安全附件,评价,安全评价,屈曲安全评价,模糊综合评价,安全性评价,完整性评价,结构完整性评价,适用性评价,合于使用评价,风险评价,安全评估,安全性评估,安全完整性等级评估,安全措施补偿,安全,工业安全,结构安全,核安全,本质安全,安全等级划分,灰色综合评价模型,钢制安全壳,钢安全壳封头,安全评定,安全性,安全稳定性,安全完整性,安全分析,安全性分析,评价指标,基本安全要求,综合评价法,蒙德评价法,评价方法,安全管理,安全使用,安全监督,安全性研究,安全端,接管和安全端,核电安全端,接管安全端,核安全分级,安全状况等级,安全完整性等级,安全联锁系统,安全装置,安全泄压装置,安全泄放装置,安全高效运行,安全预警,安全连锁,安全壳闸门,安全区间,安全阀,安全保障,安全停堆地震,安全重要物项,,,,,,,,,,,,,,,,,,,,,,,,,,,,,,,,,,,,,,,,,,,,,,,,,,,,,,,,,,,,,,,,,,,,,,,,,,,,,,,,,,,,,,,,,,,,,,,,,,,,,,,,,,,,,,,,,,,,,,,,,,,,,,,,,,,,,,,
分析,ANSYS有限元分析软件,分析模型,分析评定,反对称载荷分析削弱圆板,对称载荷分析弹性基础板,分析,LBB分析,ANSYS分析,损伤分析,等几何分析,比例分析,TOFD图像分析,有限元分析,弹塑性有限元分析,非线性有限元分析,受力分析,接管受力分析,应力分析,残余应力分析,有限元应力分析,弹塑性应力分析,弹性应力分析,线弹性应力分析,热应力分析,振动分析,疲劳分析,振动疲劳分析,弹塑性疲劳分析,时限老化分析,脆化分析,泄压分析,蠕变分析,扫描电镜断口分析,信号分析,综合分析,热应力耦合分析,场协同分析,疲劳试验和分析,原因分析,腐蚀原因分析,成因分析,流场分析,力学分析,流体动力学分析,瞬态动力学分析,安定分析,评定分析,密封分析,辐射分析,通用响应分析,谐响应分析,地震响应分析,自增强分析,回归分析,变形分析,模态分析,瞬态分析,相关性分析,塑性分析,弹塑性分析,简化弹塑性分析,安定性分析,稳定性分析,适应性分析,弹性分析,非弹性分析,敏感性分析,特性分析,非线性分析,系统性分析,减振分析,事故分析,失效分析,动态失效分析,屈曲分析,内压屈曲分析,计算机分析,随机分析,结构分析,热及结构分析,故障树分析,试样分析,层次分析,法规条款分析,对比分析,小波分析,高温分析,弱点分析,传热分析,数理分析,机理分析,金相分析,仿真分析,时程分析,真时程分析,失稳分析,研究分析,模糊分析,风险模糊分析,裂纹分析,极限载荷分析,腐蚀分析,断裂分析,接触分析,统计分析,理论分析,反应谱分析,频谱分析,材质分析,热棘轮分析,极限分析,塑性极限分析,风险分析,失效风险分析,缺陷分析,抗震分析,分析法补强方法,分析方法,弹塑性应力分析方法,化学分析取样方法,混合分析法,弹塑性分析法,风险模糊分析法,分析验证,分析比较,,,,,,,,,,,,,,,,,,,,,,,,,,,,,,,,,,,,,,,,,,,,,,,,,,,,,,,,,,,,,,,,,,,,,,,,,
有限元-模拟,有限元方法FEM,模拟PWHT,模拟件,PIPESTRESS有限元软件,有限元,非线性有限元,三维有限元,接触有限元,有限元模型,模拟,有限元模拟,屈曲模拟,热模拟,传热模拟,统计模拟,有限元建模,有限元法,扩展有限元法,有限元方法,模拟退火方法,快速有限元算法,模拟退火算法,有限元仿真,有限元计算,屈曲模拟计算,地震模拟实验,模拟Ding试验,模拟试验,水力模拟试验,焊接模拟试验,,,,,,,,,,,,,,,,,,,,,,,,,,,,,,,,,,,,,,,,,,,,,,,,,,,,,,,,,,,,,,,,,,,,,,,,,,,,,,,,,,,,,,,,,,,,,,,,,,,,,,,,,,,,,,,,,,,,,,,,,,,,,,,,,,,,,,,,,,,,,,,,,,,,,,,,,,,,,,,,,,,,,,,,
理论-效应,套合效应,闭合效应,胶层效应,热弹塑性效应,包辛格效应,时滞效应,载荷历程效应,棘轮效应,双轴棘轮效应,多轴棘轮效应,焦耳汤姆逊效应,有效应力图法,理论研究,薄壳理论解,精细化统一理论,板壳理论,弹性薄壳理论,动力学理论,变形理论,弹性理论,线弹性理论,可拓理论,贝叶斯理论,网格理论,损伤累积理论,灰色理论,,,,,,,,,,,,,,,,,,,,,,,,,,,,,,,,,,,,,,,,,,,,,,,,,,,,,,,,,,,,,,,,,,,,,,,,,,,,,,,,,,,,,,,,,,,,,,,,,,,,,,,,,,,,,,,,,,,,,,,,,,,,,,,,,,,,,,,,,,,,,,,,,,,,,,,,,,,,,,,,,,,,,,,,,,,,
封头,锥形封头组件,封头整体冲压,非标封头冲压,封头,16MnDR封头,下封头,带法兰封头,椭圆封头,标准椭圆封头,S型封头,锻制平封头,凸形封头,凹形封头,椭圆形封头,标准椭圆形封头,成形封头,球形封头,厚壁大直径球形封头,碟形封头,2∶1碟形封头,平板封头,双平板封头,平管板封头,SA387Cr11CL2钢拼焊封头,大直径高压球封头,瓜瓣封头,平盖封头,球冠形端封头,平盖加筋封头,厚壁球缺封头,锆封头,球冠形中间封头,顶封头,封头成形,封头拼缝,封头内衬,封头直边,,,,,,,,,,,,,,,,,,,,,,,,,,,,,,,,,,,,,,,,,,,,,,,,,,,,,,,,,,,,,,,,,,,,,,,,,,,,,,,,,,,,,,,,,,,,,,,,,,,,,,,,,,,,,,,,,,,,,,,,,,,,,,,,,,,,,,,,,,,,,,,,,,,,,,,,,,,,,,,,,
壳-层-壁,圆柱壳构件,厚壁管件,壳体,外压壳体,圆柱壳体,椭球壳体,多面壳体,壳程流体,厚壁锥体,壳单元,球壳板压制,断层解剖,壁面剪切应力,断层错动,壁厚,镗孔壁厚,侧壁烧嘴,外护层破坏,球壳板成型,修正边界层模型,壳接触模型,水冷壁,厚壁,薄壁,复合壳,U型壳,外壳,圆柱壳,半圆柱壳,薄壁圆柱壳,带径向接管的圆柱壳,主泵泵壳,聚液壳,环壳,球壳,负壳,锥壳,外压锥壳,急冷室锥壳,斜锥壳,无折边直斜锥壳,无折边锥壳,顶壁连接处,壁厚测定,夹层阻尼,热分层,氢致分层,氧化层,单层,夹层,中性层,近断层,地震断层,涂层,防腐涂层,表面涂层,过渡层,堆焊层,不锈钢堆焊层,搪玻璃层,缠绕层,防腐层,外防腐层,耐蚀层,覆层,壁厚计算公式,多层包扎,层间接触摩擦,再烘干堆叠层数,绝热材料层数,多层材料,壁板,球壳板,层板,薄壁结构,层次结构,壁厚比,壳程强化传热,高真空多层绝热,单层堆焊,单层带极电渣堆焊,薄壁管与管板焊,单层高速电渣焊,不锈钢堆焊层剥离,壳程,双壳程,纵流壳程,壳体失稳,水冷壁管,厚壁管,双层管,多孔涂层管,薄壁换热管,双层波纹管,多层波纹管,厚壁金属波纹管,堆焊层裂纹,内壁母材点腐蚀,外护层开裂,堆焊层开裂,壳程压降,层间隔震,,,,,,,,,,,,,,,,,,,,,,,,,,,,,,,,,,,,,,,,,,,,,,,,,,,,,,,,,,,,,,,,,,,,,,,,,,,,,,,,,,,,,,,,,,,,,,,,
接管,接管补强,开孔接管补强,接管段,接管纵向弯矩,接管,正交接管,出口接管,开口接管,烧嘴接管,多开孔接管,矩形接管,马鞍形接管,大直径接管,斜接管,周向斜接管,轴向斜接管,大口径插入式斜接管,,,,,,,,,,,,,,,,,,,,,,,,,,,,,,,,,,,,,,,,,,,,,,,,,,,,,,,,,,,,,,,,,,,,,,,,,,,,,,,,,,,,,,,,,,,,,,,,,,,,,,,,,,,,,,,,,,,,,,,,,,,,,,,,,,,,,,,,,,,,,,,,,,,,,,,,,,,,,,,,,,,,,,,,,,,,,,,,,,,,,
法兰,法兰,整体法兰,非标准法兰,组合法兰,烧嘴法兰,锚固法兰,浮头法兰,人孔法兰,焊唇密封法兰,大直径法兰,连接法兰,螺栓法兰,衬环法兰,管箱法兰,底部法兰,快开门法兰,长颈法兰,法兰密封,法兰连接,螺栓法兰连接,法兰结构,法兰螺纹,法兰密封系统,,,,,,,,,,,,,,,,,,,,,,,,,,,,,,,,,,,,,,,,,,,,,,,,,,,,,,,,,,,,,,,,,,,,,,,,,,,,,,,,,,,,,,,,,,,,,,,,,,,,,,,,,,,,,,,,,,,,,,,,,,,,,,,,,,,,,,,,,,,,,,,,,,,,,,,,,,,,,,,,,,,,,,,,,,,,,,,
螺,异种材料螺纹联接件,螺孔损伤,螺纹损伤,主螺栓螺纹副,螺栓拉伸力,钢丝螺套,主螺栓孔,螺孔,主螺孔,螺旋槽机械密封,螺栓应力分布,螺带,螺纹磨损,螺纹联接,螺旋折流板,螺柱,螺栓,主螺栓,抗剪螺栓,紧固螺栓,D形螺栓,连接螺栓,地脚螺栓,螺栓紧固方法,螺旋流,螺旋扭片,螺纹锁紧环,螺旋管,水平螺旋管,螺旋内肋扭曲管,螺旋埋弧焊管,螺旋缝埋弧焊管,X60螺旋焊管,螺纹翅片管,铬钼钢螺旋盘管,螺栓预紧,螺纹,螺栓螺纹,特殊螺纹,螺旋焊缝,螺栓载荷,均匀螺栓载荷,安装螺栓载荷,螺栓预紧载荷,螺栓连接装配资质,,,,,,,,,,,,,,,,,,,,,,,,,,,,,,,,,,,,,,,,,,,,,,,,,,,,,,,,,,,,,,,,,,,,,,,,,,,,,,,,,,,,,,,,,,,,,,,,,,,,,,,,,,,,,,,,,,,,,,,,,,,,,,,,,,,,,,,,,,,,,,,,,,,,,,,,,
板,板翅式传热元件,中空肋板构件,管板组件,平板试件,管板布管区,热轧板卷,最大板厚,托砖盘底板修复,管板上下表面温差,不锈钢钢板及钢带,复合板焊接,Ta1TA1Q345R复合板焊接,无垫板焊接,管板焊接,管与管板焊接,管子管板焊接,管子与管板连接,管与管板的连接,孔板支撑,16MnRHIC板,厚板,12Cr2Mo1R厚板,特厚板,SA387 Gr11 Cl2特厚板,复合板,C27616MnR复合板,全复合板,金属复合板,爆炸复合板,钛复合板,钛钢复合板,中厚不锈钢钢复合板,锆钢复合板,不锈钢复合板,钛铝复合板,904L不锈复合板,双面复合板,CAXA电子图板,顶圆板,堵板,三叶孔板,多孔板,定尺板,大孔分布板,平板,底板,熄弧板,支持板,搭接板,支撑板,六分花格板,防波板,折流板,大小孔折流板,开孔折流板,弓形折流板,环形折流板,弓缺形折流板,曲面折流板,环板,管板,管子与管板,换热管与管板,主管板,内管板,滑动管板,双管板,复合管板,组合管板,管子管板,固定管板,环形管板,挠性管板,管管板,管子内缩管板,薄管板,挠性薄管板,柔性薄管板,普通管板,波纹板,梯形波纹板,薄板,补板,焊接试板,钢板,06Ni9钢板,SA738GrB钢板,08Ni3DR钢板,09MnNiDR钢板,国产225Cr1Mo03V钢板,225Cr1Mo025V钢板,厚钢板,复合钢板,S11306Q345R复合钢板,225Cr1Mo0Cr18Ni11Ti复合钢板,轧制复合钢板,镍基复合钢板,爆炸焊复合钢板,双相钢复合钢板,不锈钢复合钢板,热轧不锈钢复合钢板,隔板,刮板结构,管板结构,不锈钢板翅结构,钢板超声检测,波纹板片,不锈钢板片,平板普通型爆破片,盲板头盖,管板计算,钢板中心线,厚板对接焊缝,管板焊缝,管子—管板焊缝,管子管板焊缝,全焊透结构管板焊缝,顶部板式吊耳,厚板N08810合金,厚板铝合金,薄板奥氏体不锈钢,管板间隙,,,,,,,,,,,,,,,,,,,,,,,,,,,,,,,,,,,,,,,,,,,,,,,,,,,,,,,,,,,,,,,,,,,,,,,,,,,,
杆,小冲杆,波导杆,拉杆,导波杆,折流杆,波形折流杆,小冲杆试验法,小冲杆测试,小冲杆试验,,,,,,,,,,,,,,,,,,,,,,,,,,,,,,,,,,,,,,,,,,,,,,,,,,,,,,,,,,,,,,,,,,,,,,,,,,,,,,,,,,,,,,,,,,,,,,,,,,,,,,,,,,,,,,,,,,,,,,,,,,,,,,,,,,,,,,,,,,,,,,,,,,,,,,,,,,,,,,,,,,,,,,,,,,,,,,,,,,,,,,,,,,,,,
管,管孔对中,堵管条件,软管组件,90°弯管部件,现役管线移位,翅片缩放管式蓄热体,直管夹具,堵管准则,换热管轴向应力,周边不布管区,胀管区,管嘴,给水管嘴,管头,半管夹套,半圆管夹套,管子,Inconel690合金管子,管座,CRDM管座,胀管轮廓,布管方式,换热管稳定性,管网拓扑,管束共振,爆管事故,内管材料,管座母材,管束,冷却管束,混合管束,横掠管束,换热管束,管箱结构,胀管后检查,缩径管段,监管要求,多频管中电流法,圆管法,内管泄漏,管口焊,管端焊,管理,腐蚀管理,管土作用,堵管研究,主管,虚拟光管,冷管,冷凝管,加氢裂化装置排凝管,波动管,导压管,出口管,复合管,钢带缠绕增强复合管,入口集合管,扁圆管,椭圆管,钉头管,套管,热电偶套管,双套管,油套管,加热套管,防磨套管,2RE69Zr702双金属管,反应管,弯管,90°弯管,异径弯管,蒸汽弯管,中频加热弯管,热煨弯管,C形管,U形管,等弦波形管,蛇形管,不锈钢小径管,异径管,中心管,扭曲扁管,现场换管,支管,缩放管,烟机暖管,扭曲管,取样管,出水管,进水管,汇管,装车汇管,排污管,导汽管,主蒸汽管,油管,安注管,对流管,翅片对流管,集流管,热管,传热管,C形传热管,重力热管,取热管,液态金属热管,换热管,失效换热管,单根换热管,波节换热管,镍基合金换热管,不锈钢换热管,普通高温热管,翅片热管,复合中空热管,过热管,聚乙烯管,爆管,翅片管,低翅片管,椭圆翅片管,三维翅片管,动态风险监管,盘管,浮动盘管,半管盘管,圆管盘管,穿管,顶张力立管,波纹管,外压波纹管,S型波纹管,Ω型波纹管,超大型波纹管,加强型波纹管,无加强型波纹管,金属波纹管,U形波纹管,无加强U形波纹管,Ω形波纹管,矩形波纹管,圆弧切线波纹管,绕管,缠绕管,双联管,胀管,液压胀管,机械胀管,衬管,不锈钢衬管,多跨管,金属软管,金属波纹软管,超高压聚乙烯输送管,隧道管,690合金管,钛管,钢管,X80钢管,P91钢管,T22钢管,P23钢管,Cr5Mo钢管,高压钢管,酸性服役钢管,管线钢管,无缝钢管,铸铁管,渗铝管,管箱,下管箱,N型管箱,管系,管线,压力管线,取样管线,高压气管线,油气管线,天然气管线,轴封水管线,高温管线,内冷管组,数据库管理系统,信息管理系统,城市燃气管网,配气管网,火炬管网,高温热管翅,波纹管膨胀节,金属波纹管膨胀节,管束套装,长管拖车,管线钢,X70管线钢,X80管线钢,X65管线钢,X80级管线钢,高钢级管线钢
轮,棘轮行为,棘轮变形,汽轮机,多轮次,涡流轮廓曲线法,棘轮边界,棘轮,热应力棘轮,蠕变棘轮,热棘轮,棘轮极限,,,,,,,,,,,,,,,,,,,,,,,,,,,,,,,,,,,,,,,,,,,,,,,,,,,,,,,,,,,,,,,,,,,,,,,,,,,,,,,,,,,,,,,,,,,,,,,,,,,,,,,,,,,,,,,,,,,,,,,,,,,,,,,,,,,,,,,,,,,,,,,,,,,,,,,,,,,,,,,,,,,,,,,,,,,,,,,,,,,,,,,,,,,
热,热丝TIG,耐热钢CrMoCoV,电加热元件,过热损伤,环状蓄热体,蜂窝蓄热体,热偶,红外热成像,传热单元,大热输入,焊接热输入,大焊接热输入,热输出,热冲击,承压热冲击,热应力,交变热应力,局部热应力,热工水力,热机械疲劳,热疲劳,传热强化,热老化,热影响区脆化,热影响区,焊接热影响区,热暴露区,热挤压,热旋压,整体热压,热力耦合,热固耦合,热结构耦合,热应力场,热冲压成型,热旋压成型,热压成型,热成型,热源模型,双椭球热源模型,一维传热模型,热加工,热膨胀差,加热带,热响应,传热与流动准则式,传热准则式,换热关联式,热成形,热强性,再热裂纹敏感性,传热与阻力特性,换热阻力特性,流动和传热特性,换热特性,局部换热特性,大热输入焊接,余热回收,热斑,加热槽,热脱盐水,热振幅曲线法,过热蒸汽流,临界热流,热喷涂,热源,一维非稳态导热反演,传热,流动与传热,强化传热,相变传热,流固耦合传热,瞬态传热,对流传热,非对称传热,室内供热,感应加热,后热,换热,强化换热,对流换热,漏热,汽化潜热,电热,真空绝热,过热,长期过热,局部过热,预热,双热丝钨极氩弧焊,热循环,焊接热循环,二次热循环,热套衬环,动态热边界,动态换热边界,热力耦合仿真,传热计算,热箱,热裂纹,再热裂纹,绝热剪切线,热电厂空冷系统,热压缩,热膨胀,热振荡,热机械载荷,移动热载荷,热循环载荷,热疲劳开裂,热轧,耐热钢,VM12耐热钢,传热与压降,传热及压降,,,,,,,,,,,,,,,,,,,,,,,,,,,,,,,,,,,,,,,,,,,,,,,,,,,,,,,,,,,,,,,,,,,,,,,,,,,,,,,,,,,
流-液,高压水射流喷丸,液化气体,运动流体,超临界流体,不可压缩流体,液体冲击,流体力,胀合液压力,流体阻力,流动阻力,紊流抖动,流体诱发振动,流体诱导振动,流体诱发的振动,两相流诱发的振动,流致振动,液体晃动,流动,流体流动,轴向流动,气液两相流动,湍流激励,导流区,超临界流体萃取,流固耦合,液固耦合,流场,瞬态流场,涡流场,单元流道模型,低温液体运输装备,全流通内夹套,计算流体力学,液压成形,无模液压成形,液压胀形,流体弹性不稳定性,流场特性,交流阻抗,湍流激振,液压胀接,涡流检查,液化气,液化石油气,液化天然气,液氨,铅液池,雨流计数法,雨流法,横向流,外流,对流,涡流,溢流,气固两相流,气液两相流,汽液两相流,单相流,多相流,多股流,交流电磁场检测,涡流检测,液体渗透检测,CO32HCO3溶液,NS4溶液,H2S水溶液,N甲基二乙醇胺溶液,42氯化镁溶液,新型阻流片,流弹失稳,涡流检测系统,煤液化装置,液压胀,液态金属致脆,羽流现象,流速,空气流速,临界流速,流道,单元流道,,,,,,,,,,,,,,,,,,,,,,,,,,,,,,,,,,,,,,,,,,,,,,,,,,,,,,,,,,,,,,,,,,,,,,,,,,,,,,,,,,,,,,,,,,,,,,,,,,,,,,,,,,,,,,,,,,,,,,
气-氢,储气井,地下储气井,氢损伤,硫化氢应力腐蚀损伤,致脆性气体,可燃气体,压缩气体,气焊操作,加氢精制,煤气化,加氢裂化,高压加氢裂化,采气厂,燃气站场,高温气冷堆,气孔,气动声学,干气密封,气体升压规律,氩气保护,气压胀接,变换气,充放气,氢气,添加氢气,烟气,高温烟气,天然气,高含H2S天然气,煤制天然气,压缩天然气,车用压缩天然气,城镇燃气,临氢,高压临氢,高温临氢,高压储氢,制氢,煤制氢,加氢,硫化氢,湿硫化氢,耐湿硫化氢,去氢,扩散氢,加氢尾油,高温烟气法,气泡,氢鼓泡,气体泄漏,气体爆炸,脉冲气保焊,药芯焊丝CO2气体保护焊,富氩混合气体保护焊,熔化极气体保护焊,药芯焊丝熔化极气体保护焊,气电立焊,气体渗碳,氢剥离,西气东输二线工程,加气站,加氢站,氢脆型应力腐蚀裂纹,西气东输二线,贮氢压力系统,抗氢钢焊缝,气缸,加氢装置,氢脆,气蚀,硫化氢应力腐蚀,氢腐蚀,硫化氢腐蚀,氢致开裂,应力导向氢致开裂,硫化氢应力腐蚀开裂,湿烟气制酸,氢氟酸,氢氧化钠,抗氢钢,225Cr10Mo抗氢钢,空气侧压降,气孔缺陷,大气暴露,气密封实验,气压试验,气密性试验,,,,,,,,,,,,,,,,,,,,,,,,,,,,,,,,,,,,,,,,,,,,,,,,,,,,,,,,,,,,,,,,,,,,,,,,,,,,,,,,,,,,,,,,,,,,,,,,,,,,,,,,,,,,,,,
酸,酸洗钝化,酸洗,硝酸盐,亚硝酸盐,碳酸盐,硫酸浓缩,托普索WSA制硫酸装置,高温硫环烷酸腐蚀,连多硫酸腐蚀,连多硫酸应力腐蚀开裂,有机酸,环烷酸,连多硫酸,醋酸,带压沸腾盐酸腐蚀试验,,,,,,,,,,,,,,,,,,,,,,,,,,,,,,,,,,,,,,,,,,,,,,,,,,,,,,,,,,,,,,,,,,,,,,,,,,,,,,,,,,,,,,,,,,,,,,,,,,,,,,,,,,,,,,,,,,,,,,,,,,,,,,,,,,,,,,,,,,,,,,,,,,,,,,,,,,,,,,,,,,,,,,,,,,,,,,,,,,,,,,,
标准-规范-准则,ASME规范案例26051,规范案例2843,规范案例N284,标准简介,标准,TEMA标准,EJMA标准,ASME标准,API标准,ISO标准,RCCMRx标准,法规及标准,英国标准,评定标准,专用型焊接评定标准,通用型焊接评定标准,国家标准,焊接标准,欧洲焊接标准,验收标准,材料标准,有色金属材料标准,新标准,欧盟标准,工程标准,规范标准,法规标准,国际标准,试验标准,修正的NSC准则,COD准则,损伤准则,风险可接受准则,应变准则,5最大主应变准则,裂纹合并准则,应变失效准则,屈服准则,标准化,标准漏孔,标准对比,标准化残差法,准则方程,标准体系,法规与标准体系,焊接标准体系,规范体系,规范,R6规范,ASME规范,RCCM规范,标准规范,焊接规范,材料规范,标准修订,,,,,,,,,,,,,,,,,,,,,,,,,,,,,,,,,,,,,,,,,,,,,,,,,,,,,,,,,,,,,,,,,,,,,,,,,,,,,,,,,,,,,,,,,,,,,,,,,,,,,,,,,,,,,,,,,,,,,,,,,,,,,,,,,,,,,,,,,,,,,,,
法,超声波衍射时差法TOFD,聚焦法则,G28A法,无单元Galerkin法,Pearson法,TaylorWaters法,修正θ法,修正弹性补偿法,生死单元法,有限单元法,锤击法,内径控制法,扭矩控制法,轧制法,屈服应力法,冷压法,压痕应变法,温差协调形变法,三维虚拟裂纹闭合法,盲孔法,钻孔法,磁性测定法,垂直入射法,端点衍射法,超声衍射时差法,子程序法,动力松弛法,半面积补强法,金属磁记忆法,一致缺陷模态法,直接法,EN 13445直接法,外推法,激光扫描法,释放法,θ函数法,最大最小计数法,最大最小循环计数法,BTC方法,TOFD方法,Omega方法,Master Curve方法,MonteCarlo方法,BellGhaly方法,迭代方法,田口方法,修复方法,测定方法,评定方法,施工方法,直接方法,有效方法,循环计数方法,解析方法,建模方法,堆焊方法,工程估算方法,计算方法,布置方法,组装方法,测试方法,反应谱方法,加载方法,线性匹配方法,试验方法,SchwartzNeuman交替法,一次结构法,平均应力修正法,蒙特卡洛法,外测法,电测法,内燃法,切环法,球压痕法,一次二阶矩法,压力面积法,VMD算法,遗传算法,几何算法,图算法,修正算法,应力分类法,主曲线法,本构曲线法,极限载荷法,倒装法,正装法,垂直接触法,二次加载法,过载法,局部法,线性匹配法,伽辽金法,响应面法,正交试验法,依法治特,图解法原理,法规体系,石灰石石膏法脱硫装置,法规,政策法规,方法改进,,,,,,,,,,,,,,,,,,,,,,,,,,,,,,,,,,,,,,,,,,,,,,,,,,,,,,,,,,,,,,,,,,,,,,,,,,,,,,,,,,,,,,,,,,,,,,,,
场-方程-公式-模型,现场返修,公式拟合,场协同,应力场,漏磁场,模型,BTC模型,RBTC模型,VOF模型,NK模型,HLP模型,RambergOsgood模型,GursonTvergaard模型,Chaboche模型,Beremin模型,MonteCarlo模型,kε模型,破裂压力模型,内聚力模型,演化模型,应变硬化模型,简化模型,自回归整合移动平均模型,马尔可夫模型,子模型,力学模型,三维断裂力学模型,电化学模型,数学模型,推定模型,自增强模型,粘弹性模型,失效模型,本构模型,高温本构模型,轴对称模型,韧性换算模型,计算模型,线弹簧模型,解耦模型,试验模型,现场修复,现场组对,公式,Mises公式,Paris公式,应力公式,拟合公式,中径公式,修正公式,工程估算公式,计算公式,关联公式,经验公式,现场组焊,现场挂片,现场焊接修理,Manson―Coffin方程,力学方程,回归方程,极限状态方程,约束方程,钝化线方程,现场组装,,,,,,,,,,,,,,,,,,,,,,,,,,,,,,,,,,,,,,,,,,,,,,,,,,,,,,,,,,,,,,,,,,,,,,,,,,,,,,,,,,,,,,,,,,,,,,,,,,,,,,,,,,,,,,,,,,,,,,,,,,,,,,,,,,,,,,
焊接,焊接构件,圆形焊接附件,焊接返修,焊接残余应力,消除焊接残余应力,焊接应力,焊接坡口,焊接修复,焊接缺陷评定,带压焊接密封,焊接顺序,焊接数据库,焊接变形,焊接性,粗晶区焊接韧性,焊接,应用与焊接,翻边锥体焊接,全焊接,振动焊接,自动化焊接,深孔焊接,同种金属焊接,异种金属焊接,等离子弧焊接,在役焊接,水平支承焊接,电子束焊接,爆炸焊接,堆焊焊接,电熔焊接,在线焊接,回火焊道焊接,衬里焊接,异种合金焊接,双相钢焊接,异种钢焊接,窄间隙焊接,焊接填充材料,焊接材料,焊接措施,焊接电极,焊接垫片,焊接规程,焊接试验研究,焊接冷裂纹,焊接裂纹,焊接三通,焊接斜三通,焊接缺陷,焊接与检验,焊接性试验,斜Y形坡口焊接裂纹试验,,,,,,,,,,,,,,,,,,,,,,,,,,,,,,,,,,,,,,,,,,,,,,,,,,,,,,,,,,,,,,,,,,,,,,,,,,,,,,,,,,,,,,,,,,,,,,,,,,,,,,,,,,,,,,,,,,,,,,,,,,,,,,,,,,,,,,,,,,,,,,,,,
焊缝,焊缝金属,309L焊缝金属,多道焊缝金属,焊缝成形,焊缝,225Cr1Mo025V焊缝,小Ω焊缝,深厚焊缝,异种金属焊缝,对接焊缝,单面对接焊缝,环焊缝,曲线焊缝,密缝焊缝,异种钢焊缝,铝焊缝,纯铝焊缝,焊缝开裂,焊缝缺陷,,,,,,,,,,,,,,,,,,,,,,,,,,,,,,,,,,,,,,,,,,,,,,,,,,,,,,,,,,,,,,,,,,,,,,,,,,,,,,,,,,,,,,,,,,,,,,,,,,,,,,,,,,,,,,,,,,,,,,,,,,,,,,,,,,,,,,,,,,,,,,,,,,,,,,,,,,,,,,,,,,,,,,,,,,,,,,,,,,,
焊,CHW62QR实芯焊丝,药芯焊丝,焊道集中,连体锻焊件,焊后水冷,胀焊结合,堆焊修复,焊材储存,焊工,焊道排布,骑座式马鞍型埋弧焊机,焊材,镍基焊材,焊条,锻焊结构,特殊焊炬,自动TIG焊,冷焊,振动焊,自动焊,CRC全自动焊,半自动焊,全位置自动焊,MAG全位置自动焊,激光复合焊,堆焊,Inconel 625堆焊,316L堆焊,钴基堆焊,带极堆焊,90 mm带极堆焊,宽带极堆焊,电渣带极堆焊,带极电渣堆焊,横焊堆焊,平盖堆焊,镍基合金堆焊,等离子焊,内孔焊,埋弧焊,双丝埋弧焊,窄间隙埋弧焊,等离子弧焊,钨极氩弧焊,手工钨极氩弧焊,药芯焊丝电弧焊,自保护药芯焊丝电弧焊,手工电弧焊,焊条电弧焊,内孔对接焊,扩散焊,间断焊,电子束焊,横焊,埋弧横焊,爆炸焊,补焊,装焊,多道焊,钎焊,无钎剂钎焊,氩弧钎焊,真空钎焊,银钎焊,焊环,焊带位置,焊补,不锈钢堆焊金属开裂,未焊透,焊制三通,起裂焊道,冷焊缺陷,,,,,,,,,,,,,,,,,,,,,,,,,,,,,,,,,,,,,,,,,,,,,,,,,,,,,,,,,,,,,,,,,,,,,,,,,,,,,,,,,,,,,,,,,,,,,,,,,,,,,,,,,,,,,,,,,,,,,,,,,,,,,,
疲劳,蠕变疲劳交互,疲劳损伤,疲劳寿命评估,疲劳,蠕变—疲劳,应力疲劳,应变疲劳,蠕变疲劳,高温低周疲劳,高周疲劳,变幅疲劳,高温疲劳,腐蚀疲劳,双轴疲劳,多轴疲劳,疲劳蠕变,疲劳断口,疲劳寿命,疲劳破坏,疲劳评定,疲劳裂纹扩展,疲劳失效,疲劳校核,疲劳比,疲劳寿命预测,疲劳循环,蠕变疲劳交互作用,疲劳裂纹,疲劳短裂纹,疲劳监测系统,疲劳断裂,疲劳极限,疲劳排除,疲劳试验,,,,,,,,,,,,,,,,,,,,,,,,,,,,,,,,,,,,,,,,,,,,,,,,,,,,,,,,,,,,,,,,,,,,,,,,,,,,,,,,,,,,,,,,,,,,,,,,,,,,,,,,,,,,,,,,,,,,,,,,,,,,,,,,,,,,,,,,,,,,,,,,,,,,,,,,,,,,,,,,,,,,
腐蚀,应力腐蚀开裂SCC,腐蚀损伤,腐蚀凹坑,腐蚀坑,腐蚀类型,晶间腐蚀敏感性,应力腐蚀开裂敏感性,耐腐蚀性,腐蚀与防护,腐蚀防护,腐蚀失效,耐腐蚀材料,腐蚀检查,腐蚀调查,腐蚀泄漏,腐蚀控制规程,防腐蚀对策,腐蚀及裂纹,腐蚀裂纹,应力腐蚀裂纹,Cl应力腐蚀裂纹,腐蚀,H2S腐蚀,垢下腐蚀,冲刷腐蚀,应力腐蚀,沿晶型应力腐蚀,氧化腐蚀,氧化氯化腐蚀,刀口腐蚀,电化学腐蚀,空泡腐蚀,低温腐蚀,高温腐蚀,点腐蚀,高温硫腐蚀,局部腐蚀,晶间腐蚀,缝隙腐蚀,应力腐蚀开裂,一次侧应力腐蚀开裂,碱应力腐蚀开裂,晶间应力腐蚀开裂,晶间腐蚀开裂,应力腐蚀破裂,腐蚀图谱,含硫腐蚀性杂质,腐蚀缺陷,腐蚀试验,应力腐蚀试验,晶间腐蚀试验,,,,,,,,,,,,,,,,,,,,,,,,,,,,,,,,,,,,,,,,,,,,,,,,,,,,,,,,,,,,,,,,,,,,,,,,,,,,,,,,,,,,,,,,,,,,,,,,,,,,,,,,,,,,,,,,,,,,,,,,,,,,,,,,,,,,,,,,,,,,,,,,,,,
断裂,断裂控制,等效断裂应变,断裂力学,断裂评定,断裂模式,断裂韧性,韧脆转变断裂韧性,应力断裂,蠕变断裂,弹塑性断裂,延性断裂,脆性断裂,韧性断裂,沿晶断裂,延性韧窝断裂,,,,,,,,,,,,,,,,,,,,,,,,,,,,,,,,,,,,,,,,,,,,,,,,,,,,,,,,,,,,,,,,,,,,,,,,,,,,,,,,,,,,,,,,,,,,,,,,,,,,,,,,,,,,,,,,,,,,,,,,,,,,,,,,,,,,,,,,,,,,,,,,,,,,,,,,,,,,,,,,,,,,,,,,,,,,,,,,,,,,,,,
爆炸-火灾,火灾工况,爆炸轧制,爆炸窗口,爆炸复合,爆炸危害,爆炸成形,爆炸胀接,火灾事故,爆炸地震波,火灾,敞开式火灾,泄放阀火灾,爆炸,化学爆炸,火灾爆炸,低速爆炸载荷,,,,,,,,,,,,,,,,,,,,,,,,,,,,,,,,,,,,,,,,,,,,,,,,,,,,,,,,,,,,,,,,,,,,,,,,,,,,,,,,,,,,,,,,,,,,,,,,,,,,,,,,,,,,,,,,,,,,,,,,,,,,,,,,,,,,,,,,,,,,,,,,,,,,,,,,,,,,,,,,,,,,,,,,,,,,,,,,,,,,,,
损伤-缺陷-失效,损伤张开位移δd′,损伤,冲击损伤,蠕变损伤,椭圆形凹坑损伤,塑性损伤,材料损伤,早期损伤,低温硫化物损伤,微观损伤,表面损伤,缺陷定位,缺陷返修,损伤Jd积分,缺陷数据识别,主导失效机制,失效压力,失效寿命,失效原因,缺陷的产生原因,失效评定图,损伤力学,失效评定,缺陷评定,失效形式,失效模式,失效,密封失效,塑性失效,结构失效,高温失效,垫片失效,失稳失效,渐进失效,失效后果,缺陷检测,损伤机理,失效机理,损伤积累,缺陷等级,失效评估曲线,失效评定曲线,失效预防,损伤容限,缺陷,疑似缺陷,初始几何缺陷,背侧缺陷,鼓包缺陷,界面熔化缺陷,体积型缺陷,面积型缺陷,平面型缺陷,初始缺陷,疏松缺陷,超标缺陷,裂纹等缺陷,裂纹缺陷,减薄缺陷,局部减薄缺陷,开裂缺陷,咬边缺陷,表面缺陷,,,,,,,,,,,,,,,,,,,,,,,,,,,,,,,,,,,,,,,,,,,,,,,,,,,,,,,,,,,,,,,,,,,,,,,,,,,,,,,,,,,,,,,,,,,,,,,,,,,,,,,,,,,,,,,,,,,,,,,,,,,,,,,,,,,,,,,
检测-检验,基于风险的检测RBI,基于风险的检验RBI,内旋转检测系统IRIS,检验案例,检测方向,检验及修复,检验程序,检验周期,检测方案,检测,TOFD检测,激光检测,内检测,综合检测,周向检测,超声检测,自动超声检测,TOFD自动超声检测,周向超声检测,相控阵超声检测,声发射检测,在线声发射检测,磁记忆检测,动态检测,非开挖检测,无损检测,高效检测,Lamb波检测,超声波检测,常规超声波检测,导波检测,超声长距离导波检测,泄漏检测,射线透照检测,基于风险的检测,漏磁检测,荧光磁粉检测,黑色磁粉检测,射线检测,数字射线检测,离线检测,快速检测,相控阵检测,风险检测,检验策略,检测装置,新型检测装置,检测时间,检验,理化检验,断口检验,试验和检验,破坏性检验,敏感性检验,无损检验,材料检验,定期检验,延期检验,超声波检验,在用检验,基于风险的检验,监督检验,常规检验,风险检验,全面检验,不停机全面检验,,,,,,,,,,,,,,,,,,,,,,,,,,,,,,,,,,,,,,,,,,,,,,,,,,,,,,,,,,,,,,,,,,,,,,,,,,,,,,,,,,,,,,,,,,,,,,,,,,,,,,,,,,,,,,,,,,,,,,,,,,,,,,,,,,,,
预测-试验-实验-测试,落锤撕裂试验DWTT,试验工况,试验压力,试验压差,预测,寿命预测,剩余寿命预测,随机寿命预测,危害预测,实验研究,试验研究,试验验证,测试,应力测试,残余应力测试,超声波测试,试验测试,试验谱,实验,验证性实验,试验,WOL试验,Gleeble试验,检查与试验,持久试验,正交试验,重新评估试验,拉伸试验,步冷试验,冲击试验,压力试验,拉脱力试验,优化试验,差压试验,水压试验,耐压试验,蠕变试验,加速寿命试验,型式试验,韧性试验,胀接试验,冷模试验,对比试验,风洞试验,氦泄漏试验,火烧试验,爆破试验,水压爆破试验,楔形张开加载试验,插销试验,落锤试验,,,,,,,,,,,,,,,,,,,,,,,,,,,,,,,,,,,,,,,,,,,,,,,,,,,,,,,,,,,,,,,,,,,,,,,,,,,,,,,,,,,,,,,,,,,,,,,,,,,,,,,,,,,,,,,,,,,,,,,,,,,,,,,,,,,,,,,,,,,,,,,,,,,
压力,压力控制,压力,动作压力,开启压力,初始压力,整定压力,自增强压力,胀接压力,泄放压力,最大泄放压力,事故压力,动水压力,临界压力,屈曲失稳临界压力,爆破压力,标定爆破压力,公称压力,失稳压力,临界失稳压力,自紧压力,最大允许积聚压力,接触压力,残余接触压力,密封接触压力,极限压力,压力推力,压力范围,允许压力损失,压力确定,压力边界,压力平衡装置,压力降,,,,,,,,,,,,,,,,,,,,,,,,,,,,,,,,,,,,,,,,,,,,,,,,,,,,,,,,,,,,,,,,,,,,,,,,,,,,,,,,,,,,,,,,,,,,,,,,,,,,,,,,,,,,,,,,,,,,,,,,,,,,,,,,,,,,,,,,,,,,,,,,,,,,,,,,,,,,,,,,,,,,,,
应力-载荷,应力集中,应力评估,载荷工况,应力控制,应力限制,应力,最大Mises应力,主应力,残余应力,高残余应力,动应力,强化应力,综合应力,周向应力,最大周向应力,环向应力,轴向应力,威布尔应力,温差应力,弹性应力,弯曲应力,一次弯曲应力,屈服应力,一次应力,二次应力,消应力,垫片应力,作用应力,许用应力,真应力,许用压缩应力,子午向膜应力,环向膜应力,薄膜应力,总体一次薄膜应力,膜致应力,接触应力,局部应力,载荷波动,应力—应变,应力应变,残余应力应变,循环应力应变,局部应力应变,应力及应变,载荷组合,主应力方向,多轴载荷影响,名义应力范围,应力评定,应力应变评定,载荷应力再分布,应力分布,垫片应力分布,应力水平,应力松弛,平均应力松弛,载荷路径,应力状态,多维应力状态,应力指数,应力比,应力监测,去应力退火,应力补偿机理,应力仿真,应力计算,局部应力计算,应力分类,应力应变关系,应力—应变曲线,真实应力—应变曲线,真应力—应变曲线,应力应变曲线,载荷,集中载荷,水力载荷,重力载荷,径向载荷,外载荷,变幅载荷,面内开闭弯载荷,离心载荷,动态载荷,静态载荷,塑性载荷,屈曲载荷,复杂载荷,循环载荷,临界载荷,垂直载荷,预紧载荷,残余预紧载荷,均匀预紧载荷,拉脱载荷,双轴载荷,极限载荷,塑性极限载荷,地震载荷,非均匀性静载荷,风载荷,脉动风载荷,,,,,,,,,,,,,,,,,,,,,,,,,,,,,,,,,,,,,,,,,,,,,,,,,,,,,,,,,,,,,,,,,,,,,,,,,,,,,,,,,,,,,,,,,,,,,,,,
力-功,冲击功KV2,系统动力学SD,成功实例,F2分力,浮升力,支座反力,受力,内压和轴向力,水平力,缠绕张力,回弹力,惯性力,介质惯性力,抗拔力,静摩擦力,作用力,预紧力,拉脱力,地震力,冲击功,低温冲击功,内积功,力磁耦合,弹性动力学,塑性力学,弹性塑性力学,动力响应,力学响应,动力学响应,阻力特性,力学特性,侧向力作用,复合力矩,JR阻力曲线,裂纹扩展阻力曲线,偏心力臂,受力平衡,,,,,,,,,,,,,,,,,,,,,,,,,,,,,,,,,,,,,,,,,,,,,,,,,,,,,,,,,,,,,,,,,,,,,,,,,,,,,,,,,,,,,,,,,,,,,,,,,,,,,,,,,,,,,,,,,,,,,,,,,,,,,,,,,,,,,,,,,,,,,,,,,,,,,,,,,,,,,,,,,
钢,应变强化不锈钢S30403,应变强化不锈钢S31608,不锈钢316LN,不锈钢网丝,钢锻件,不锈钢锻件,钢丝网套,钢材,钢结构,钢棒,柔性石墨不锈钢波齿复合垫片,奥氏体不锈钢三通,ADB610钢,10CrMo910钢,ASTM 4130钢,X70钢,SA516Gr70钢,980钢,P91钢,SA335 P91钢,P92钢,T92P92钢,T92钢,022Cr17Ni12Mo2钢,T23钢,SA543钢,SA5083钢,SA336F22CL3钢,15钢,BHW35钢,X7Ni9钢,921A钢,25Cr2MoVA钢,35CrMoA钢,12Cr2MoVWTiB钢,20G钢,2020G钢,TP347H钢,15CrMoRH钢,JFEHITEN610U2L钢,NKHITEN610U2L钢,316L钢,12Cr2Mo1R钢,Q345R钢,XG630DR钢,07MnNiCrMoVDR钢,07MnCrMoVDR钢,15MnNiNbDR钢,12MnNiVR钢,WH59017MnNiVNbR钢,16MnR钢,15CrMoR钢,25Cr2NiMo1V钢,2 25Cr1Mo0 25V钢,225Cr1Mo025V钢,CrNiMoV钢,Cr25Ni35Nb钢,35Ni钢,9Ni钢,15MnNi钢,225Cr1Mo钢,125Cr05Mo钢,Cr5Mo钢,1Cr5Mo钢,08Cr2AlMo钢,CrMo钢,15CrMo钢,新CrMo钢,国产A508Ⅲ钢,铁素体钢,T92铁素体钢,双钢,20号钢,225Cr1Mo不锈复合钢,高强钢,WEL—TEN610CF高强钢,低温高强钢,低温钢,低温用钢,双相钢,碳钢,低碳钢,异种钢,钒改进钢,低合金钢,锰镍钼低合金钢,铬钼钢,含铝钢,渗铝钢,不锈钢,304不锈钢,TP347不锈钢,S32168不锈钢,304H不锈钢,含Mo不锈钢,奥氏体不锈钢,304奥氏体不锈钢,304H奥氏体不锈钢,FeCrNi奥氏体不锈钢,应变强化奥氏体不锈钢,铬镍奥氏体不锈钢,347型不锈钢,含氮不锈钢,双相不锈钢,SA240S31803双相不锈钢,SAF2507双相不锈钢,超级双相不锈钢,尿素级不锈钢,超级不锈钢,高级不锈钢,铸造不锈钢,,,,,,,,,,,,,,,,,,,,,,,,,,,,,,,,,,,,,,,,,,,,,,,,,,,,,,,,,,,,,,,,,,,,,,,,,,,,,,,,,,,,,,,
铁,铁素体FN,铁素体,δ铁素体,网状铁素体,针状铁素体,铁素体带,铁基材料,非铁基材料,防铁污染,铸铁烘缸,铁镍基合金,磁铁,铸铁,球墨铸铁,,,,,,,,,,,,,,,,,,,,,,,,,,,,,,,,,,,,,,,,,,,,,,,,,,,,,,,,,,,,,,,,,,,,,,,,,,,,,,,,,,,,,,,,,,,,,,,,,,,,,,,,,,,,,,,,,,,,,,,,,,,,,,,,,,,,,,,,,,,,,,,,,,,,,,,,,,,,,,,,,,,,,,,,,,,,,,,,,,,,,,,,
钛,钛材牌号,钛材,钛合金,钛,碳化钛,TA2纯钛,工业纯钛,,,,,,,,,,,,,,,,,,,,,,,,,,,,,,,,,,,,,,,,,,,,,,,,,,,,,,,,,,,,,,,,,,,,,,,,,,,,,,,,,,,,,,,,,,,,,,,,,,,,,,,,,,,,,,,,,,,,,,,,,,,,,,,,,,,,,,,,,,,,,,,,,,,,,,,,,,,,,,,,,,,,,,,,,,,,,,,,,,,,,,,,,,,,,,,
金-金属-材料,哈氏合金B3,哈氏合金C4,材料替代,材料劣化,金属尘化,微合金化,VN微合金化,钒微合金化,空心金属O形圈,金属波齿垫,易熔合金塞,复合材料修复,金相观察,熔敷金属,泡沫金属,难熔金属,异种金属,复合材料增强,金属磁记忆,材料选择,镍基合金内环更换,材料常数,材料,SA387Gr11Cl2UNS N08825材料,相变材料,复合材料,FRP复合材料,碳纤维复合材料,金属材料,耐火材料,承压用材料,异种材料,特种材料,尿素级材料,A350锻造材料,材料拘束,冷金属过渡,双金属自密封波齿复合垫片,金属垫片,双金属自密封波齿垫片,金相,宏观金相,微观金相,铝合金贮箱,金相组织,爆破片与易熔合金塞串联组合装置,金属内衬,金属与金属接触,氧化物冶金,哈氏C2000合金,Incoloy 800合金,HP40合金,C276合金,25Cr35NiNb合金,NiCr合金,NiFe基合金,镍基合金,蒙乃尔合金,25Cr35NiNb微合金,35Cr45NiNb微合金,哈氏合金,C276哈氏合金,硬质合金,Haynes 230镍基超合金,铜合金,铜及铜合金,铝合金,2A14铝合金,5A06铝合金,2219铝合金,镍合金,镍及镍合金,稀有金属钽,材料复验,,,,,,,,,,,,,,,,,,,,,,,,,,,,,,,,,,,,,,,,,,,,,,,,,,,,,,,,,,,,,,,,,,,,,,,,,,,,,,,,,,,,,,,,,,,,,,,,,,,,,,,,,,,,,,,,,,,,,,,,,,,,
结构,结构优化,主结构应变,结构完整性,高温结构完整性,结构特性,结构可靠性,结构约束,结构,紧凑结构,进出口结构,组合结构,子结构,开孔结构,大开孔结构,密封结构,填料函密封结构,高温高压密封结构,支座结构,快开结构,补强结构,显微结构,新型支承结构,高温保护结构,拉撑结构,支撑结构,限位支撑结构,自支撑结构,复杂结构,支柱结构,特殊结构,组织结构,二维结构,微观结构,翻边结构,裙座锻造结构,局部结构,端部结构,细长结构,快开门结构,界面结构,结构改进,,,,,,,,,,,,,,,,,,,,,,,,,,,,,,,,,,,,,,,,,,,,,,,,,,,,,,,,,,,,,,,,,,,,,,,,,,,,,,,,,,,,,,,,,,,,,,,,,,,,,,,,,,,,,,,,,,,,,,,,,,,,,,,,,,,,,,,,,,,,,,,,,,,,,,,,,,,,,
性,变极性TIG,塑性修正因子ρ,完整性评估,韧性补偿,非线性规划,多线性随动强化,应变线性化,活性氧化,严密性试压,操作完整性平台,裂纹性质与成因,脆性破坏,韧性破坏,防止塑性垮塌,非线性超声,柔性探头,挠性夹套,变极性等离子,符合性评定,塑性自增强,塑性变形,总体塑性变形,弹性变形,相关性,紧凑性,均匀性,不均匀性,非均匀性,横观各向同性,方向性,弹塑性,循环塑性,安定性,塑性安定性,弹性安定性,稳定性,外压稳定性,轴向稳定性,水密性,紧密性,各向异性,磁各向异性,线性弹性,非线性弹性,线弹性,超弹性,敏感性,裂纹敏感性,冷裂纹敏感性,挠性,表面改性,高效性,数据分散性,完整性,高温完整性,周期性,经济性,动特性,声特性,变形特性,动态特性,共振特性,接触特性,使用性,适用性,非对称性,可转移性,双线性,非线性,垫片非线性,脆性,回火脆性,耐蚀性,局限性,自限性,可靠性,寿命可靠性,服役可靠性,冲击韧性,低温冲击韧性,低温韧性,有效弹性常数,弹塑性屈曲,非线性屈曲,塑性屈服,挠性密封条,弹塑性本构,弹性核,稳定性校核,弹性地基梁,非线性密封垫片,非线性垫片,弹性交互作用,塑性弯矩,弹性基础,塑性失稳,弹性失稳,稳定性研究,贯穿性裂纹,碱性破裂,O形密封环弹塑性接触,弹塑性界面,,,,,,,,,,,,,,,,,,,,,,,,,,,,,,,,,,,,,,,,,,,,,,,,,,,,,,,,,,,,,,,,,,,,,,,,,,,,,,,,,,,,,,,,,,,,,,,,
变形-成形,变形控制,变形,控制变形,蠕变变形,挠曲变形,循环变形,失稳变形,偏转变形,预变形,成形,冷成形,冲压成形,冷冲压成形,温压成形,温成形,变形协调,,,,,,,,,,,,,,,,,,,,,,,,,,,,,,,,,,,,,,,,,,,,,,,,,,,,,,,,,,,,,,,,,,,,,,,,,,,,,,,,,,,,,,,,,,,,,,,,,,,,,,,,,,,,,,,,,,,,,,,,,,,,,,,,,,,,,,,,,,,,,,,,,,,,,,,,,,,,,,,,,,,,,,,,,,,,,,,,,,,,,,
形,形变马氏体,形变诱导马氏体,形势,波形变化,拉伸形变,控制形变,J形坡口,方形人孔,矩形大开孔,形状允差,正方形排布,U形,地震波波形,胀形,马鞍形,波形特征,形状重构,伞形支架,V形密封槽,圈形波,齿形垫片,反拱形爆破片,正拱形爆破片,界面形状,C形密封环,O形密封环,C形环,O形环,碟形弹簧,椭圆形丁胞,U形膨胀节,波形膨胀节,断口形貌,微观形貌,矩形微通道,,,,,,,,,,,,,,,,,,,,,,,,,,,,,,,,,,,,,,,,,,,,,,,,,,,,,,,,,,,,,,,,,,,,,,,,,,,,,,,,,,,,,,,,,,,,,,,,,,,,,,,,,,,,,,,,,,,,,,,,,,,,,,,,,,,,,,,,,,,,,,,,,,,,,,,,,,,,,,,,,,,
水,欧洲先进压水堆EPR,水冷,快速水冷却,超水压,静水压,水试压,压水反应堆,压水堆,欧洲先进压水堆,水浸超声,水室,氨水槽,冷却水,回注水,连续注水,人造海水,深水,给水,801胶水,冷凝水滴,汽水循环,水泥环,压水堆核电站,水锤,,,,,,,,,,,,,,,,,,,,,,,,,,,,,,,,,,,,,,,,,,,,,,,,,,,,,,,,,,,,,,,,,,,,,,,,,,,,,,,,,,,,,,,,,,,,,,,,,,,,,,,,,,,,,,,,,,,,,,,,,,,,,,,,,,,,,,,,,,,,,,,,,,,,,,,,,,,,,,,,,,,,,,,,,,,,,,
